duplicate_fp,fn,fp,gt,height,image,max_conf,mean_gt_best_iou,precision_image,pred,recall_image,tp,width
0,1,20,5,1024,/ssd_data/lixiang_data/Datasets/data_sar_plane_coarsness/images/260_C-130_0004.png,0.6901240348815918,0.5433658752650696,0.16666666666666666,24,0.8,4,1024
0,1,12,7,1024,/ssd_data/lixiang_data/Datasets/data_sar_plane_coarsness/images/260_C-130_0005.png,0.6666604280471802,0.5695355250727535,0.3333333333333333,18,0.8571428571428571,6,1024
0,3,22,7,1024,/ssd_data/lixiang_data/Datasets/data_sar_plane_coarsness/images/260_C-130_0006.png,0.7190399765968323,0.4628368451483791,0.15384615384615385,26,0.5714285714285714,4,1024
0,2,13,7,1024,/ssd_data/lixiang_data/Datasets/data_sar_plane_coarsness/images/260_C-130_0007.png,0.7665164470672607,0.46587876451930577,0.2777777777777778,18,0.7142857142857143,5,1024
0,1,22,7,1023,/ssd_data/lixiang_data/Datasets/data_sar_plane_coarsness/images/260_C-130_0008.png,0.45249059796333313,0.4842219050280535,0.21428571428571427,28,0.8571428571428571,6,1024
0,3,11,6,1024,/ssd_data/lixiang_data/Datasets/data_sar_plane_coarsness/images/260_C-130_0009.png,0.6249915957450867,0.37542032491487115,0.21428571428571427,14,0.5,3,1024
0,2,6,3,1024,/ssd_data/lixiang_data/Datasets/data_sar_plane_coarsness/images/260_C-130_0010.png,0.6664844751358032,0.1719204007758135,0.14285714285714285,7,0.3333333333333333,1,1024
0,0,13,2,1024,/ssd_data/lixiang_data/Datasets/data_sar_plane_coarsness/images/260_C-130_0011.png,0.2915419340133667,0.5398470852967816,0.13333333333333333,15,1.0,2,1024
0,2,14,3,1024,/ssd_data/lixiang_data/Datasets/data_sar_plane_coarsness/images/260_C-130_0012.png,0.19803215563297272,0.44155320461442676,0.06666666666666667,15,0.3333333333333333,1,1024
1,1,18,2,1024,/ssd_data/lixiang_data/Datasets/data_sar_plane_coarsness/images/260_C-130_0013.png,0.4882485866546631,0.517750606450209,0.05263157894736842,19,0.5,1,1024
0,1,10,2,1024,/ssd_data/lixiang_data/Datasets/data_sar_plane_coarsness/images/260_C-17_0001.png,0.06984595954418182,0.443416067930022,0.09090909090909091,11,0.5,1,1024
0,4,7,5,1024,/ssd_data/lixiang_data/Datasets/data_sar_plane_coarsness/images/260_KC-135_0002.png,0.77595454454422,0.32023450198774234,0.125,8,0.2,1,1024
0,3,11,6,1024,/ssd_data/lixiang_data/Datasets/data_sar_plane_coarsness/images/260_KC-135_0003.png,0.7032493948936462,0.4212548771770123,0.21428571428571427,14,0.5,3,1024
2,1,9,7,1024,/ssd_data/lixiang_data/Datasets/data_sar_plane_coarsness/images/260_V-22_0014.png,0.6732984781265259,0.5226888775183192,0.4,15,0.8571428571428571,6,1024
0,1,11,7,1024,/ssd_data/lixiang_data/Datasets/data_sar_plane_coarsness/images/260_V-22_0015.png,0.5292952060699463,0.5092893980507547,0.35294117647058826,17,0.8571428571428571,6,1024
0,1,13,6,1024,/ssd_data/lixiang_data/Datasets/data_sar_plane_coarsness/images/260_V-22_0016.png,0.6040255427360535,0.490472565658397,0.2777777777777778,18,0.8333333333333334,5,1024
0,2,6,5,1024,/ssd_data/lixiang_data/Datasets/data_sar_plane_coarsness/images/260_V-22_0017.png,0.7139154672622681,0.3518263715517603,0.3333333333333333,9,0.6,3,1024
0,3,25,3,1024,/ssd_data/lixiang_data/Datasets/data_sar_plane_coarsness/images/261_B-52_0001.png,0.023612238466739655,0.14040776902887836,0.0,25,0.0,0,1024
0,2,11,2,1024,/ssd_data/lixiang_data/Datasets/data_sar_plane_coarsness/images/261_B-52_0002.png,0.33289554715156555,0.05594506046536184,0.0,11,0.0,0,1024
0,2,11,2,1024,/ssd_data/lixiang_data/Datasets/data_sar_plane_coarsness/images/261_B-52_0003.png,0.10211699455976486,0.04291029517940046,0.0,11,0.0,0,1024
0,1,28,1,1024,/ssd_data/lixiang_data/Datasets/data_sar_plane_coarsness/images/261_B-52_0004.png,0.18843990564346313,0.30953332492969493,0.0,28,0.0,0,1024
0,3,14,3,1024,/ssd_data/lixiang_data/Datasets/data_sar_plane_coarsness/images/261_B-52_0005.png,0.03054329939186573,0.09459230719916228,0.0,14,0.0,0,1024
0,3,8,3,1024,/ssd_data/lixiang_data/Datasets/data_sar_plane_coarsness/images/261_B-52_0006.png,0.03481278195977211,0.14180381956003396,0.0,8,0.0,0,1024
0,3,10,3,1024,/ssd_data/lixiang_data/Datasets/data_sar_plane_coarsness/images/261_B-52_0007.png,0.10164894908666611,0.16822063344237226,0.0,10,0.0,0,1024
0,3,16,3,1024,/ssd_data/lixiang_data/Datasets/data_sar_plane_coarsness/images/261_B-52_0008.png,0.16992394626140594,0.11842370643814237,0.0,16,0.0,0,1024
0,3,16,3,1024,/ssd_data/lixiang_data/Datasets/data_sar_plane_coarsness/images/261_B-52_0009.png,0.22052377462387085,0.05752932372767786,0.0,16,0.0,0,1024
0,4,8,4,1024,/ssd_data/lixiang_data/Datasets/data_sar_plane_coarsness/images/261_B-52_0010.png,0.022499099373817444,0.22988687645637274,0.0,8,0.0,0,1024
0,0,6,1,1024,/ssd_data/lixiang_data/Datasets/data_sar_plane_coarsness/images/261_B-52_0011.png,0.023220956325531006,0.6579831082463311,0.14285714285714285,7,1.0,1,1024
1,3,13,4,1024,/ssd_data/lixiang_data/Datasets/data_sar_plane_coarsness/images/261_B-52_0012.png,0.014056382700800896,0.2232489082223146,0.07142857142857142,14,0.25,1,1024
0,2,16,3,1023,/ssd_data/lixiang_data/Datasets/data_sar_plane_coarsness/images/261_B-52_0013.png,0.010842356830835342,0.2938697301726428,0.058823529411764705,17,0.3333333333333333,1,1024
5,0,101,4,1024,/ssd_data/lixiang_data/Datasets/data_sar_plane_coarsness/images/262_C-130_0001.png,0.7846649289131165,0.8412088584965718,0.0380952380952381,105,1.0,4,1024
5,0,66,4,1024,/ssd_data/lixiang_data/Datasets/data_sar_plane_coarsness/images/262_C-130_0002.png,0.7636802792549133,0.8531122407601737,0.05714285714285714,70,1.0,4,1024
6,0,111,4,1024,/ssd_data/lixiang_data/Datasets/data_sar_plane_coarsness/images/262_C-130_0003.png,0.7706975936889648,0.8383750947184299,0.034782608695652174,115,1.0,4,1024
1,0,87,1,1024,/ssd_data/lixiang_data/Datasets/data_sar_plane_coarsness/images/262_C-130_0029.png,0.6951021552085876,0.7056547980647857,0.011363636363636364,88,1.0,1,1024
0,0,28,1,1024,/ssd_data/lixiang_data/Datasets/data_sar_plane_coarsness/images/262_C-17_0021.png,0.7983793616294861,0.8288524996451486,0.034482758620689655,29,1.0,1,1024
0,0,19,1,1024,/ssd_data/lixiang_data/Datasets/data_sar_plane_coarsness/images/262_C-17_0022.png,0.7989971041679382,0.7864396205759604,0.05,20,1.0,1,1024
3,0,88,4,1024,/ssd_data/lixiang_data/Datasets/data_sar_plane_coarsness/images/262_C-17_0023.png,0.7856030464172363,0.8043132975766962,0.043478260869565216,92,1.0,4,1024
2,0,71,5,1024,/ssd_data/lixiang_data/Datasets/data_sar_plane_coarsness/images/262_C-17_0024.png,0.782926082611084,0.7865454593263657,0.06578947368421052,76,1.0,5,1024
1,0,106,5,1024,/ssd_data/lixiang_data/Datasets/data_sar_plane_coarsness/images/262_C-17_0025.png,0.785363495349884,0.7437134191129923,0.04504504504504504,111,1.0,5,1024
0,0,66,4,1024,/ssd_data/lixiang_data/Datasets/data_sar_plane_coarsness/images/262_C-17_0026.png,0.7984457612037659,0.7556189112870452,0.05714285714285714,70,1.0,4,1024
2,0,38,2,1024,/ssd_data/lixiang_data/Datasets/data_sar_plane_coarsness/images/262_C-17_0027.png,0.7416557669639587,0.7573531930048611,0.05,40,1.0,2,1024
1,0,25,4,1024,/ssd_data/lixiang_data/Datasets/data_sar_plane_coarsness/images/262_C-17_0028.png,0.7860537767410278,0.7824703315562959,0.13793103448275862,29,1.0,4,1024
13,0,68,11,1024,/ssd_data/lixiang_data/Datasets/data_sar_plane_coarsness/images/262_KC-135_0004.png,0.8090904951095581,0.8141032925830476,0.13924050632911392,79,1.0,11,1024
10,0,89,11,1024,/ssd_data/lixiang_data/Datasets/data_sar_plane_coarsness/images/262_KC-135_0005.png,0.7977702021598816,0.8088096253183639,0.11,100,1.0,11,1024
9,0,130,11,1024,/ssd_data/lixiang_data/Datasets/data_sar_plane_coarsness/images/262_KC-135_0006.png,0.7868601083755493,0.8153178026444976,0.07801418439716312,141,1.0,11,1024
15,0,102,12,1024,/ssd_data/lixiang_data/Datasets/data_sar_plane_coarsness/images/262_KC-135_0007.png,0.7968852519989014,0.8069935746212685,0.10526315789473684,114,1.0,12,1024
9,0,59,11,1024,/ssd_data/lixiang_data/Datasets/data_sar_plane_coarsness/images/262_KC-135_0008.png,0.8120868802070618,0.8008557654832454,0.15714285714285714,70,1.0,11,1024
9,0,54,9,1024,/ssd_data/lixiang_data/Datasets/data_sar_plane_coarsness/images/262_KC-135_0009.png,0.7891538739204407,0.8116048977400717,0.14285714285714285,63,1.0,9,1024
11,0,26,12,1024,/ssd_data/lixiang_data/Datasets/data_sar_plane_coarsness/images/262_KC-135_0010.png,0.8145847320556641,0.7931415382871477,0.3157894736842105,38,1.0,12,1024
11,0,45,13,1024,/ssd_data/lixiang_data/Datasets/data_sar_plane_coarsness/images/262_KC-135_0011.png,0.7972642779350281,0.8046210387978577,0.22413793103448276,58,1.0,13,1024
11,0,107,13,1024,/ssd_data/lixiang_data/Datasets/data_sar_plane_coarsness/images/262_KC-135_0012.png,0.8190562129020691,0.7775951597526193,0.10833333333333334,120,1.0,13,1024
12,0,70,13,1024,/ssd_data/lixiang_data/Datasets/data_sar_plane_coarsness/images/262_KC-135_0013.png,0.802838921546936,0.7802796325565187,0.1566265060240964,83,1.0,13,1024
8,0,84,12,1024,/ssd_data/lixiang_data/Datasets/data_sar_plane_coarsness/images/262_KC-135_0014.png,0.8090011477470398,0.7808402876378312,0.125,96,1.0,12,1024
9,0,44,9,1024,/ssd_data/lixiang_data/Datasets/data_sar_plane_coarsness/images/262_KC-135_0015.png,0.8147964477539062,0.7890404312057839,0.16981132075471697,53,1.0,9,1024
8,0,72,10,1024,/ssd_data/lixiang_data/Datasets/data_sar_plane_coarsness/images/262_KC-135_0016.png,0.7966882586479187,0.792485977758387,0.12195121951219512,82,1.0,10,1024
8,0,93,9,1024,/ssd_data/lixiang_data/Datasets/data_sar_plane_coarsness/images/262_KC-135_0017.png,0.8019704818725586,0.7662277275256305,0.08823529411764706,102,1.0,9,1024
5,0,28,6,1024,/ssd_data/lixiang_data/Datasets/data_sar_plane_coarsness/images/262_KC-135_0018.png,0.7882176041603088,0.7788968030690039,0.17647058823529413,34,1.0,6,1024
3,0,33,3,1024,/ssd_data/lixiang_data/Datasets/data_sar_plane_coarsness/images/262_KC-135_0019.png,0.7609739899635315,0.8106663968233443,0.08333333333333333,36,1.0,3,1024
4,0,46,3,1024,/ssd_data/lixiang_data/Datasets/data_sar_plane_coarsness/images/262_KC-135_0020.png,0.7292165756225586,0.7808015796170408,0.061224489795918366,49,1.0,3,1024
1,4,13,7,1024,/ssd_data/lixiang_data/Datasets/data_sar_plane_coarsness/images/263_B-1_0003.png,0.37561050057411194,0.37419242329803487,0.1875,16,0.42857142857142855,3,1024
1,2,8,4,1024,/ssd_data/lixiang_data/Datasets/data_sar_plane_coarsness/images/263_B-1_0004.png,0.3966737687587738,0.4797346651756393,0.2,10,0.5,2,1024
2,2,12,5,1024,/ssd_data/lixiang_data/Datasets/data_sar_plane_coarsness/images/263_B-1_0009.png,0.49732303619384766,0.47468754269012814,0.2,15,0.6,3,1024
0,3,14,5,1024,/ssd_data/lixiang_data/Datasets/data_sar_plane_coarsness/images/263_B-52_0001.png,0.25817370414733887,0.3950655187482173,0.125,16,0.4,2,1024
0,4,18,7,1024,/ssd_data/lixiang_data/Datasets/data_sar_plane_coarsness/images/263_B-52_0002.png,0.1295054703950882,0.3652849206002936,0.14285714285714285,21,0.42857142857142855,3,1024
2,5,9,7,1024,/ssd_data/lixiang_data/Datasets/data_sar_plane_coarsness/images/263_B-52_0005.png,0.350443959236145,0.2526091752440412,0.18181818181818182,11,0.2857142857142857,2,1024
2,4,9,8,1024,/ssd_data/lixiang_data/Datasets/data_sar_plane_coarsness/images/263_B-52_0007.png,0.3436637818813324,0.41550268863491396,0.3076923076923077,13,0.5,4,1024
1,6,13,8,1024,/ssd_data/lixiang_data/Datasets/data_sar_plane_coarsness/images/263_B-52_0008.png,0.016630178317427635,0.22407120467049096,0.13333333333333333,15,0.25,2,1024
2,5,11,7,1024,/ssd_data/lixiang_data/Datasets/data_sar_plane_coarsness/images/263_C-130_0006.png,0.44014790654182434,0.33176511441063494,0.15384615384615385,13,0.2857142857142857,2,1024
6,0,28,6,1024,/ssd_data/lixiang_data/Datasets/data_sar_plane_coarsness/images/263_E-3_0012.png,0.5398186445236206,0.7873865594981236,0.17647058823529413,34,1.0,6,1024
5,2,55,11,1024,/ssd_data/lixiang_data/Datasets/data_sar_plane_coarsness/images/263_E-3_0045.png,0.7248671650886536,0.7491789309848859,0.140625,64,0.8181818181818182,9,1024
9,0,54,8,1024,/ssd_data/lixiang_data/Datasets/data_sar_plane_coarsness/images/263_E-3_0046.png,0.6567796468734741,0.8711591645830101,0.12903225806451613,62,1.0,8,1024
10,0,30,8,1024,/ssd_data/lixiang_data/Datasets/data_sar_plane_coarsness/images/263_E-3_0047.png,0.6530868411064148,0.8756499680442941,0.21052631578947367,38,1.0,8,1024
7,0,47,8,1024,/ssd_data/lixiang_data/Datasets/data_sar_plane_coarsness/images/263_E-3_0048.png,0.697324275970459,0.854451028469406,0.14545454545454545,55,1.0,8,1024
10,2,59,11,1024,/ssd_data/lixiang_data/Datasets/data_sar_plane_coarsness/images/263_E-3_0049.png,0.6772868633270264,0.7315721476095628,0.1323529411764706,68,0.8181818181818182,9,1024
9,0,50,8,1024,/ssd_data/lixiang_data/Datasets/data_sar_plane_coarsness/images/263_E-3_0050.png,0.6532182693481445,0.8346513297846256,0.13793103448275862,58,1.0,8,1024
8,0,30,8,1024,/ssd_data/lixiang_data/Datasets/data_sar_plane_coarsness/images/263_E-3_0051.png,0.5664812326431274,0.8440391714202737,0.21052631578947367,38,1.0,8,1024
6,0,28,8,1024,/ssd_data/lixiang_data/Datasets/data_sar_plane_coarsness/images/263_E-3_0052.png,0.6891212463378906,0.8713824035672568,0.2222222222222222,36,1.0,8,1024
0,0,21,1,1024,/ssd_data/lixiang_data/Datasets/data_sar_plane_coarsness/images/263_E-3_0053.png,0.1365065723657608,0.694884660891277,0.045454545454545456,22,1.0,1,1024
0,0,41,1,1024,/ssd_data/lixiang_data/Datasets/data_sar_plane_coarsness/images/263_E-8_0025.png,0.7960107326507568,0.7275808610861202,0.023809523809523808,42,1.0,1,1024
5,1,39,5,1024,/ssd_data/lixiang_data/Datasets/data_sar_plane_coarsness/images/263_KC-135_0010.png,0.6228813529014587,0.6237571142544641,0.09302325581395349,43,0.8,4,1024
4,0,34,6,1024,/ssd_data/lixiang_data/Datasets/data_sar_plane_coarsness/images/263_KC-135_0011.png,0.5481494069099426,0.7653108694541051,0.15,40,1.0,6,1024
5,1,18,6,1024,/ssd_data/lixiang_data/Datasets/data_sar_plane_coarsness/images/263_KC-135_0013.png,0.6118595004081726,0.7131368795660288,0.21739130434782608,23,0.8333333333333334,5,1024
2,1,17,6,1024,/ssd_data/lixiang_data/Datasets/data_sar_plane_coarsness/images/263_KC-135_0014.png,0.567301869392395,0.6716746698412185,0.22727272727272727,22,0.8333333333333334,5,1024
3,2,21,4,1024,/ssd_data/lixiang_data/Datasets/data_sar_plane_coarsness/images/263_KC-135_0015.png,0.2116001397371292,0.5989276656547713,0.08695652173913043,23,0.5,2,1024
5,1,17,5,1024,/ssd_data/lixiang_data/Datasets/data_sar_plane_coarsness/images/263_KC-135_0016.png,0.4626595079898834,0.6817513916170765,0.19047619047619047,21,0.8,4,1024
3,1,4,4,1024,/ssd_data/lixiang_data/Datasets/data_sar_plane_coarsness/images/263_KC-135_0017.png,0.7791919112205505,0.5862091360769428,0.42857142857142855,7,0.75,3,1024
3,1,6,5,1024,/ssd_data/lixiang_data/Datasets/data_sar_plane_coarsness/images/263_KC-135_0018.png,0.7910705208778381,0.6177247455093614,0.4,10,0.8,4,1024
2,1,6,6,1024,/ssd_data/lixiang_data/Datasets/data_sar_plane_coarsness/images/263_KC-135_0019.png,0.7814921140670776,0.6118190060429745,0.45454545454545453,11,0.8333333333333334,5,1024
1,0,5,7,1024,/ssd_data/lixiang_data/Datasets/data_sar_plane_coarsness/images/263_KC-135_0020.png,0.7636206746101379,0.6870437942004607,0.5833333333333334,12,1.0,7,1024
4,1,6,8,1024,/ssd_data/lixiang_data/Datasets/data_sar_plane_coarsness/images/263_KC-135_0021.png,0.7833033204078674,0.6174930756457745,0.5384615384615384,13,0.875,7,1024
1,0,3,6,1024,/ssd_data/lixiang_data/Datasets/data_sar_plane_coarsness/images/263_KC-135_0022.png,0.7605154514312744,0.6482316353338474,0.6666666666666666,9,1.0,6,1024
0,0,2,5,1024,/ssd_data/lixiang_data/Datasets/data_sar_plane_coarsness/images/263_KC-135_0023.png,0.7960575819015503,0.675745306615607,0.7142857142857143,7,1.0,5,1024
2,0,3,5,1024,/ssd_data/lixiang_data/Datasets/data_sar_plane_coarsness/images/263_KC-135_0024.png,0.824358344078064,0.659005496275094,0.625,8,1.0,5,1024
0,0,9,4,1024,/ssd_data/lixiang_data/Datasets/data_sar_plane_coarsness/images/263_KC-135_0027.png,0.750872015953064,0.6975104319094767,0.3076923076923077,13,1.0,4,1024
1,0,10,5,1024,/ssd_data/lixiang_data/Datasets/data_sar_plane_coarsness/images/263_KC-135_0028.png,0.7363530993461609,0.6387461831038832,0.3333333333333333,15,1.0,5,1024
4,0,14,6,1024,/ssd_data/lixiang_data/Datasets/data_sar_plane_coarsness/images/263_KC-135_0029.png,0.7511926889419556,0.684926668592674,0.3,20,1.0,6,1024
2,0,18,6,1024,/ssd_data/lixiang_data/Datasets/data_sar_plane_coarsness/images/263_KC-135_0030.png,0.7504072785377502,0.6867047089414356,0.25,24,1.0,6,1024
3,0,28,5,1024,/ssd_data/lixiang_data/Datasets/data_sar_plane_coarsness/images/263_KC-135_0031.png,0.7418278455734253,0.7081231796901157,0.15151515151515152,33,1.0,5,1024
1,0,9,4,1024,/ssd_data/lixiang_data/Datasets/data_sar_plane_coarsness/images/263_KC-135_0032.png,0.7712255716323853,0.5885322310838311,0.3076923076923077,13,1.0,4,1024
0,0,17,1,1024,/ssd_data/lixiang_data/Datasets/data_sar_plane_coarsness/images/263_KC-135_0033.png,0.4249972999095917,0.6893362251385295,0.05555555555555555,18,1.0,1,1024
3,0,3,2,1024,/ssd_data/lixiang_data/Datasets/data_sar_plane_coarsness/images/263_KC-135_0034.png,0.6795046925544739,0.9444619249746653,0.4,5,1.0,2,1024
1,0,2,2,1024,/ssd_data/lixiang_data/Datasets/data_sar_plane_coarsness/images/263_KC-135_0035.png,0.7384870052337646,0.9123282499831342,0.5,4,1.0,2,1024
3,2,20,6,1024,/ssd_data/lixiang_data/Datasets/data_sar_plane_coarsness/images/263_KC-135_0036.png,0.4165332317352295,0.5669835381481663,0.16666666666666666,24,0.6666666666666666,4,1024
5,1,35,7,1024,/ssd_data/lixiang_data/Datasets/data_sar_plane_coarsness/images/263_KC-135_0037.png,0.7548247575759888,0.7346461726567275,0.14634146341463414,41,0.8571428571428571,6,1024
6,2,25,9,1024,/ssd_data/lixiang_data/Datasets/data_sar_plane_coarsness/images/263_KC-135_0038.png,0.7401853799819946,0.6873028646513677,0.21875,32,0.7777777777777778,7,1024
4,3,35,9,1024,/ssd_data/lixiang_data/Datasets/data_sar_plane_coarsness/images/263_KC-135_0039.png,0.6593096256256104,0.5723129152562831,0.14634146341463414,41,0.6666666666666666,6,1024
8,2,67,10,1024,/ssd_data/lixiang_data/Datasets/data_sar_plane_coarsness/images/263_KC-135_0040.png,0.6700388193130493,0.7238984699449496,0.10666666666666667,75,0.8,8,1024
3,3,23,9,1024,/ssd_data/lixiang_data/Datasets/data_sar_plane_coarsness/images/263_KC-135_0041.png,0.7659971714019775,0.6743821561321742,0.20689655172413793,29,0.6666666666666666,6,1024
3,3,42,9,1024,/ssd_data/lixiang_data/Datasets/data_sar_plane_coarsness/images/263_KC-135_0042.png,0.6690078377723694,0.656498254748489,0.125,48,0.6666666666666666,6,1024
4,3,47,9,1024,/ssd_data/lixiang_data/Datasets/data_sar_plane_coarsness/images/263_KC-135_0043.png,0.7110740542411804,0.6390786724045054,0.11320754716981132,53,0.6666666666666666,6,1024
5,3,42,9,1024,/ssd_data/lixiang_data/Datasets/data_sar_plane_coarsness/images/263_KC-135_0044.png,0.6997513771057129,0.673817487620544,0.125,48,0.6666666666666666,6,1024
0,0,20,1,1024,/ssd_data/lixiang_data/Datasets/data_sar_plane_coarsness/images/263_KC-46_0026.png,0.7153939604759216,0.8298813582944088,0.047619047619047616,21,1.0,1,1024
0,2,11,2,1024,/ssd_data/lixiang_data/Datasets/data_sar_plane_coarsness/images/264_C-17_0001.png,0.7244032025337219,0.32670715566924774,0.0,11,0.0,0,1024
1,2,9,3,1024,/ssd_data/lixiang_data/Datasets/data_sar_plane_coarsness/images/264_C-17_0002.png,0.7945085763931274,0.48872880507353916,0.1,10,0.3333333333333333,1,1024
2,0,26,1,1024,/ssd_data/lixiang_data/Datasets/data_sar_plane_coarsness/images/264_F-16_0009.png,0.2132110744714737,0.8874500017534405,0.037037037037037035,27,1.0,1,1024
2,0,10,3,1024,/ssd_data/lixiang_data/Datasets/data_sar_plane_coarsness/images/264_F-16_0010.png,0.7401220798492432,0.8247100068438749,0.23076923076923078,13,1.0,3,1024
3,0,12,3,1024,/ssd_data/lixiang_data/Datasets/data_sar_plane_coarsness/images/264_F-16_0011.png,0.5461039543151855,0.7707530484350859,0.2,15,1.0,3,1024
1,0,13,1,1024,/ssd_data/lixiang_data/Datasets/data_sar_plane_coarsness/images/264_P-8_0003.png,0.7621105313301086,0.8240140205049165,0.07142857142857142,14,1.0,1,1024
1,0,16,4,1024,/ssd_data/lixiang_data/Datasets/data_sar_plane_coarsness/images/264_P-8_0004.png,0.762705385684967,0.669224649147688,0.2,20,1.0,4,1024
2,0,31,4,1024,/ssd_data/lixiang_data/Datasets/data_sar_plane_coarsness/images/264_P-8_0005.png,0.6161788105964661,0.694565805957414,0.11428571428571428,35,1.0,4,1024
2,1,8,7,1024,/ssd_data/lixiang_data/Datasets/data_sar_plane_coarsness/images/264_P-8_0006.png,0.618347704410553,0.6006266643410514,0.42857142857142855,14,0.8571428571428571,6,1024
2,0,15,6,1024,/ssd_data/lixiang_data/Datasets/data_sar_plane_coarsness/images/264_P-8_0007.png,0.6705640554428101,0.7488760454594879,0.2857142857142857,21,1.0,6,1024
3,0,15,5,1024,/ssd_data/lixiang_data/Datasets/data_sar_plane_coarsness/images/264_P-8_0008.png,0.6362085342407227,0.6814431794885144,0.25,20,1.0,5,1024
0,6,5,11,1024,/ssd_data/lixiang_data/Datasets/data_sar_plane_coarsness/images/265_KC-135_0001.png,0.014434386976063251,0.3312550718393608,0.5,10,0.45454545454545453,5,1024
0,3,7,11,1024,/ssd_data/lixiang_data/Datasets/data_sar_plane_coarsness/images/265_KC-135_0002.png,0.1671665459871292,0.5213564396398154,0.5333333333333333,15,0.7272727272727273,8,1024
1,4,20,11,1024,/ssd_data/lixiang_data/Datasets/data_sar_plane_coarsness/images/265_KC-135_0003.png,0.3235955536365509,0.44998416715825706,0.25925925925925924,27,0.6363636363636364,7,1024
1,2,14,13,1024,/ssd_data/lixiang_data/Datasets/data_sar_plane_coarsness/images/265_KC-135_0004.png,0.7216593027114868,0.5908513913782035,0.44,25,0.8461538461538461,11,1024
2,3,19,13,1024,/ssd_data/lixiang_data/Datasets/data_sar_plane_coarsness/images/265_KC-135_0005.png,0.7788571119308472,0.5527075348529383,0.3448275862068966,29,0.7692307692307693,10,1024
0,3,43,8,1024,/ssd_data/lixiang_data/Datasets/data_sar_plane_coarsness/images/265_KC-135_0006.png,0.11230311542749405,0.46911817995063937,0.10416666666666667,48,0.625,5,1024
1,2,21,9,1024,/ssd_data/lixiang_data/Datasets/data_sar_plane_coarsness/images/265_KC-135_0007.png,0.6848360300064087,0.5477859074384377,0.25,28,0.7777777777777778,7,1024
1,2,17,9,1024,/ssd_data/lixiang_data/Datasets/data_sar_plane_coarsness/images/265_KC-135_0008.png,0.7638619542121887,0.5665308786812355,0.2916666666666667,24,0.7777777777777778,7,1024
1,3,8,8,1024,/ssd_data/lixiang_data/Datasets/data_sar_plane_coarsness/images/265_KC-135_0009.png,0.05070642754435539,0.4294515330028936,0.38461538461538464,13,0.625,5,1024
3,2,23,8,1024,/ssd_data/lixiang_data/Datasets/data_sar_plane_coarsness/images/265_KC-135_0010.png,0.7023037672042847,0.5387992371981754,0.20689655172413793,29,0.75,6,1024
2,3,19,10,1024,/ssd_data/lixiang_data/Datasets/data_sar_plane_coarsness/images/265_KC-135_0011.png,0.7813355326652527,0.4913346503722889,0.2692307692307692,26,0.7,7,1024
3,0,58,6,1024,/ssd_data/lixiang_data/Datasets/data_sar_plane_coarsness/images/265_KC-46_0012.png,0.8204503059387207,0.7138785560597437,0.09375,64,1.0,6,1024
2,0,61,8,1024,/ssd_data/lixiang_data/Datasets/data_sar_plane_coarsness/images/265_KC-46_0013.png,0.7982180714607239,0.6953536205806179,0.11594202898550725,69,1.0,8,1024
3,0,47,6,1024,/ssd_data/lixiang_data/Datasets/data_sar_plane_coarsness/images/265_KC-46_0014.png,0.7650999426841736,0.8032164546276864,0.11320754716981132,53,1.0,6,1024
2,0,28,6,1024,/ssd_data/lixiang_data/Datasets/data_sar_plane_coarsness/images/265_KC-46_0015.png,0.687021017074585,0.8012292207529863,0.17647058823529413,34,1.0,6,1024
1,0,54,6,1024,/ssd_data/lixiang_data/Datasets/data_sar_plane_coarsness/images/265_KC-46_0016.png,0.5888617634773254,0.8014120906774976,0.1,60,1.0,6,1024
4,0,61,6,1024,/ssd_data/lixiang_data/Datasets/data_sar_plane_coarsness/images/265_KC-46_0017.png,0.5892363786697388,0.7976883922833936,0.08955223880597014,67,1.0,6,1024
4,0,34,8,1024,/ssd_data/lixiang_data/Datasets/data_sar_plane_coarsness/images/265_KC-46_0018.png,0.5346978306770325,0.7979115725596442,0.19047619047619047,42,1.0,8,1024
5,0,19,8,1024,/ssd_data/lixiang_data/Datasets/data_sar_plane_coarsness/images/265_KC-46_0019.png,0.4614561200141907,0.7957248849037386,0.2962962962962963,27,1.0,8,1024
0,0,18,5,1024,/ssd_data/lixiang_data/Datasets/data_sar_plane_coarsness/images/265_KC-46_0020.png,0.5790367722511292,0.7637660438605615,0.21739130434782608,23,1.0,5,1024
1,0,32,5,1024,/ssd_data/lixiang_data/Datasets/data_sar_plane_coarsness/images/265_KC-46_0021.png,0.5283364057540894,0.7595610558885973,0.13513513513513514,37,1.0,5,1024
2,0,20,5,1024,/ssd_data/lixiang_data/Datasets/data_sar_plane_coarsness/images/265_KC-46_0022.png,0.4967699348926544,0.7828778934757514,0.2,25,1.0,5,1024
16,0,66,15,1024,/ssd_data/lixiang_data/Datasets/data_sar_plane_coarsness/images/266_AH-1_0013.png,0.6207152605056763,0.7654240608354091,0.18518518518518517,81,1.0,15,1024
14,0,58,15,1024,/ssd_data/lixiang_data/Datasets/data_sar_plane_coarsness/images/266_AH-1_0014.png,0.5617185831069946,0.7157493001642744,0.2054794520547945,73,1.0,15,1024
18,0,54,15,1024,/ssd_data/lixiang_data/Datasets/data_sar_plane_coarsness/images/266_AH-1_0015.png,0.49852681159973145,0.7571898085489897,0.21739130434782608,69,1.0,15,1024
12,1,60,15,1023,/ssd_data/lixiang_data/Datasets/data_sar_plane_coarsness/images/266_AH-1_0016.png,0.574081301689148,0.7212730762556437,0.1891891891891892,74,0.9333333333333333,14,1024
16,1,56,15,1024,/ssd_data/lixiang_data/Datasets/data_sar_plane_coarsness/images/266_AH-1_0017.png,0.6086451411247253,0.7524614558125347,0.2,70,0.9333333333333333,14,1024
7,0,134,5,1024,/ssd_data/lixiang_data/Datasets/data_sar_plane_coarsness/images/BC1-SP-ORG-2SSV-20211023T033115-002550-0009F6_C-130_0006.png,0.6750851273536682,0.7107584704378778,0.03597122302158273,139,1.0,5,1024
3,0,154,5,1024,/ssd_data/lixiang_data/Datasets/data_sar_plane_coarsness/images/BC1-SP-ORG-2SSV-20211023T033115-002550-0009F6_C-130_0007.png,0.5591727495193481,0.7265123406238873,0.031446540880503145,159,1.0,5,1024
8,0,126,5,1024,/ssd_data/lixiang_data/Datasets/data_sar_plane_coarsness/images/BC1-SP-ORG-2SSV-20211023T033115-002550-0009F6_C-130_0008.png,0.5890045762062073,0.737212456156303,0.03816793893129771,131,1.0,5,1024
4,0,45,2,1024,/ssd_data/lixiang_data/Datasets/data_sar_plane_coarsness/images/BC1-SP-ORG-2SSV-20211023T033115-002550-0009F6_C-17_0005.png,0.4644944965839386,0.8287603620072997,0.0425531914893617,47,1.0,2,1024
3,0,34,2,1024,/ssd_data/lixiang_data/Datasets/data_sar_plane_coarsness/images/BC1-SP-ORG-2SSV-20211023T033115-002550-0009F6_C-5_0004.png,0.4277881979942322,0.8121654091275945,0.05555555555555555,36,1.0,2,1024
5,0,139,5,1024,/ssd_data/lixiang_data/Datasets/data_sar_plane_coarsness/images/BC1-SP-ORG-2SSV-20211023T033115-002550-0009F6_E-3_0002.png,0.6143752336502075,0.7438798110391094,0.034722222222222224,144,1.0,5,1024
5,0,126,5,1024,/ssd_data/lixiang_data/Datasets/data_sar_plane_coarsness/images/BC1-SP-ORG-2SSV-20211023T033115-002550-0009F6_E-3_0003.png,0.6393256187438965,0.6938363557924898,0.03816793893129771,131,1.0,5,1024
0,0,43,1,1024,/ssd_data/lixiang_data/Datasets/data_sar_plane_coarsness/images/BC1-SP-ORG-2SSV-20211023T033115-002550-0009F6_P-3_0001.png,0.7044632434844971,0.678932007685223,0.022727272727272728,44,1.0,1,1024
5,0,141,4,1024,/ssd_data/lixiang_data/Datasets/data_sar_plane_coarsness/images/BC1-SP-ORG-2SSV-20211220T033326-003362-000D22_C-130_0003.png,0.6369917392730713,0.7382252511287047,0.027586206896551724,145,1.0,4,1024
4,0,111,4,1024,/ssd_data/lixiang_data/Datasets/data_sar_plane_coarsness/images/BC1-SP-ORG-2SSV-20211220T033326-003362-000D22_C-130_0004.png,0.5402230024337769,0.6248299089715682,0.034782608695652174,115,1.0,4,1024
9,0,114,4,1024,/ssd_data/lixiang_data/Datasets/data_sar_plane_coarsness/images/BC1-SP-ORG-2SSV-20211220T033326-003362-000D22_C-130_0005.png,0.5362253785133362,0.6849477086440985,0.03389830508474576,118,1.0,4,1024
6,0,115,4,1024,/ssd_data/lixiang_data/Datasets/data_sar_plane_coarsness/images/BC1-SP-ORG-2SSV-20211220T033326-003362-000D22_E-3_0002.png,0.6303754448890686,0.7228966881409156,0.03361344537815126,119,1.0,4,1024
1,0,23,1,1024,/ssd_data/lixiang_data/Datasets/data_sar_plane_coarsness/images/BC1-SP-ORG-2SSV-20211220T033326-003362-000D22_P-3_0001.png,0.7254598140716553,0.6823215719389213,0.041666666666666664,24,1.0,1,1024
10,0,143,8,1024,/ssd_data/lixiang_data/Datasets/data_sar_plane_coarsness/images/BC1-SP-ORG-2SSV-20220110T033418-003682-000E62_C-130_0008.png,0.6146676540374756,0.773282188937269,0.052980132450331126,151,1.0,8,1024
3,2,164,8,1024,/ssd_data/lixiang_data/Datasets/data_sar_plane_coarsness/images/BC1-SP-ORG-2SSV-20220110T033418-003682-000E62_C-130_0009.png,0.5699836611747742,0.6251275046677691,0.03529411764705882,170,0.75,6,1024
11,1,157,8,1024,/ssd_data/lixiang_data/Datasets/data_sar_plane_coarsness/images/BC1-SP-ORG-2SSV-20220110T033418-003682-000E62_C-130_0010.png,0.5170289278030396,0.6826927272838689,0.042682926829268296,164,0.875,7,1024
8,1,99,8,1024,/ssd_data/lixiang_data/Datasets/data_sar_plane_coarsness/images/BC1-SP-ORG-2SSV-20220110T033418-003682-000E62_C-130_0011.png,0.5180341601371765,0.6835069479034036,0.0660377358490566,106,0.875,7,1024
2,0,40,2,1024,/ssd_data/lixiang_data/Datasets/data_sar_plane_coarsness/images/BC1-SP-ORG-2SSV-20220110T033418-003682-000E62_C-17_0007.png,0.4135289192199707,0.8475617120801499,0.047619047619047616,42,1.0,2,1024
2,0,23,2,1024,/ssd_data/lixiang_data/Datasets/data_sar_plane_coarsness/images/BC1-SP-ORG-2SSV-20220110T033418-003682-000E62_C-5_0006.png,0.6618242859840393,0.8304036993757862,0.08,25,1.0,2,1024
12,0,161,8,1024,/ssd_data/lixiang_data/Datasets/data_sar_plane_coarsness/images/BC1-SP-ORG-2SSV-20220110T033418-003682-000E62_E-3_0002.png,0.626826286315918,0.743691166025725,0.047337278106508875,169,1.0,8,1024
11,0,204,8,1024,/ssd_data/lixiang_data/Datasets/data_sar_plane_coarsness/images/BC1-SP-ORG-2SSV-20220110T033418-003682-000E62_E-3_0003.png,0.6628879308700562,0.693909887083537,0.03773584905660377,212,1.0,8,1024
11,1,161,8,1024,/ssd_data/lixiang_data/Datasets/data_sar_plane_coarsness/images/BC1-SP-ORG-2SSV-20220110T033418-003682-000E62_E-3_0004.png,0.6390999555587769,0.7408866554546547,0.041666666666666664,168,0.875,7,1024
16,0,198,8,1024,/ssd_data/lixiang_data/Datasets/data_sar_plane_coarsness/images/BC1-SP-ORG-2SSV-20220110T033418-003682-000E62_E-3_0005.png,0.5928901433944702,0.7432935749491596,0.038834951456310676,206,1.0,8,1024
1,0,31,1,1024,/ssd_data/lixiang_data/Datasets/data_sar_plane_coarsness/images/BC1-SP-ORG-2SSV-20220110T033418-003682-000E62_P-3_0001.png,0.46184709668159485,0.8597270606306349,0.03125,32,1.0,1,1024
6,1,164,6,1024,/ssd_data/lixiang_data/Datasets/data_sar_plane_coarsness/images/BC1-SP-ORG-2SSV-20220131T033411-004018-000FB2_C-130_0007.png,0.5978267192840576,0.6791170797466503,0.029585798816568046,169,0.8333333333333334,5,1024
4,2,170,8,1024,/ssd_data/lixiang_data/Datasets/data_sar_plane_coarsness/images/BC1-SP-ORG-2SSV-20220131T033411-004018-000FB2_C-130_0008.png,0.5827914476394653,0.6164764562305574,0.03409090909090909,176,0.75,6,1024
8,2,190,8,1024,/ssd_data/lixiang_data/Datasets/data_sar_plane_coarsness/images/BC1-SP-ORG-2SSV-20220131T033411-004018-000FB2_C-130_0009.png,0.7120406031608582,0.6181335767361091,0.030612244897959183,196,0.75,6,1024
6,2,98,8,1024,/ssd_data/lixiang_data/Datasets/data_sar_plane_coarsness/images/BC1-SP-ORG-2SSV-20220131T033411-004018-000FB2_C-130_0010.png,0.5296373963356018,0.6114564981821162,0.057692307692307696,104,0.75,6,1024
4,2,107,7,1024,/ssd_data/lixiang_data/Datasets/data_sar_plane_coarsness/images/BC1-SP-ORG-2SSV-20220131T033411-004018-000FB2_C-130_0011.png,0.5810843110084534,0.5810647923426824,0.044642857142857144,112,0.7142857142857143,5,1024
3,2,86,6,1024,/ssd_data/lixiang_data/Datasets/data_sar_plane_coarsness/images/BC1-SP-ORG-2SSV-20220131T033411-004018-000FB2_C-130_0012.png,0.5222024321556091,0.5637356612144994,0.044444444444444446,90,0.6666666666666666,4,1024
5,0,44,4,1024,/ssd_data/lixiang_data/Datasets/data_sar_plane_coarsness/images/BC1-SP-ORG-2SSV-20220131T033411-004018-000FB2_C-17_0004.png,0.4561680853366852,0.7894355484535553,0.08333333333333333,48,1.0,4,1024
7,0,31,4,1024,/ssd_data/lixiang_data/Datasets/data_sar_plane_coarsness/images/BC1-SP-ORG-2SSV-20220131T033411-004018-000FB2_C-17_0005.png,0.4884721338748932,0.8105683250214291,0.11428571428571428,35,1.0,4,1024
5,0,69,4,1024,/ssd_data/lixiang_data/Datasets/data_sar_plane_coarsness/images/BC1-SP-ORG-2SSV-20220131T033411-004018-000FB2_C-17_0006.png,0.6111545562744141,0.8050221708662395,0.0547945205479452,73,1.0,4,1024
5,0,35,4,1024,/ssd_data/lixiang_data/Datasets/data_sar_plane_coarsness/images/BC1-SP-ORG-2SSV-20220131T033411-004018-000FB2_C-5_0003.png,0.5476890206336975,0.7787949826299629,0.10256410256410256,39,1.0,4,1024
7,0,142,8,1024,/ssd_data/lixiang_data/Datasets/data_sar_plane_coarsness/images/BC1-SP-ORG-2SSV-20220131T033411-004018-000FB2_E-3_0001.png,0.6076679229736328,0.7176112305637229,0.05333333333333334,150,1.0,8,1024
6,0,180,7,1024,/ssd_data/lixiang_data/Datasets/data_sar_plane_coarsness/images/BC1-SP-ORG-2SSV-20220131T033411-004018-000FB2_E-3_0002.png,0.49207088351249695,0.6933479342586368,0.0374331550802139,187,1.0,7,1024
5,0,47,3,1024,/ssd_data/lixiang_data/Datasets/data_sar_plane_coarsness/images/BC1-SP-ORG-2SSV-20221128T035610-006570-0019AA_C-130_0005.png,0.5064853429794312,0.7789347553201065,0.06,50,1.0,3,1024
5,0,45,3,1024,/ssd_data/lixiang_data/Datasets/data_sar_plane_coarsness/images/BC1-SP-ORG-2SSV-20221128T035610-006570-0019AA_C-130_0006.png,0.4556211531162262,0.7629299834179971,0.0625,48,1.0,3,1024
7,0,54,3,1024,/ssd_data/lixiang_data/Datasets/data_sar_plane_coarsness/images/BC1-SP-ORG-2SSV-20221128T035610-006570-0019AA_C-130_0007.png,0.6419669389724731,0.7428315432327725,0.05263157894736842,57,1.0,3,1024
5,0,103,2,1024,/ssd_data/lixiang_data/Datasets/data_sar_plane_coarsness/images/BC1-SP-ORG-2SSV-20221128T035610-006570-0019AA_C-17_0004.png,0.3454791307449341,0.714681160149313,0.01904761904761905,105,1.0,2,1024
3,0,33,2,1024,/ssd_data/lixiang_data/Datasets/data_sar_plane_coarsness/images/BC1-SP-ORG-2SSV-20221128T035610-006570-0019AA_C-5_0003.png,0.1902787685394287,0.8154139544095133,0.05714285714285714,35,1.0,2,1024
0,1,90,1,1024,/ssd_data/lixiang_data/Datasets/data_sar_plane_coarsness/images/BC1-SP-ORG-2SSV-20221128T035610-006570-0019AA_E-3_0002.png,0.3644216060638428,0.19824286385181328,0.0,90,0.0,0,1024
1,0,53,1,1024,/ssd_data/lixiang_data/Datasets/data_sar_plane_coarsness/images/BC1-SP-ORG-2SSV-20221128T035610-006570-0019AA_P-3_0001.png,0.7044343948364258,0.8085546694145814,0.018518518518518517,54,1.0,1,1024
13,0,47,6,1024,/ssd_data/lixiang_data/Datasets/data_sar_plane_coarsness/images/BC2-SP-ORG-2SSV-20221127T133018-003562-000DEA_C-130_0007.png,0.3284316062927246,0.7696593046044314,0.11320754716981132,53,1.0,6,1024
8,0,35,6,1024,/ssd_data/lixiang_data/Datasets/data_sar_plane_coarsness/images/BC2-SP-ORG-2SSV-20221127T133018-003562-000DEA_C-130_0008.png,0.49618062376976013,0.7840101316087594,0.14634146341463414,41,1.0,6,1024
5,1,87,4,1024,/ssd_data/lixiang_data/Datasets/data_sar_plane_coarsness/images/BC2-SP-ORG-2SSV-20221127T133018-003562-000DEA_C-130_0009.png,0.26864564418792725,0.6665548798391415,0.03333333333333333,90,0.75,3,1024
4,0,106,4,1024,/ssd_data/lixiang_data/Datasets/data_sar_plane_coarsness/images/BC2-SP-ORG-2SSV-20221127T133018-003562-000DEA_C-130_0010.png,0.25621849298477173,0.7570079323385931,0.03636363636363636,110,1.0,4,1024
8,0,60,6,1024,/ssd_data/lixiang_data/Datasets/data_sar_plane_coarsness/images/BC2-SP-ORG-2SSV-20221127T133018-003562-000DEA_C-130_0011.png,0.5218669176101685,0.8003556218792386,0.09090909090909091,66,1.0,6,1024
12,0,52,6,1024,/ssd_data/lixiang_data/Datasets/data_sar_plane_coarsness/images/BC2-SP-ORG-2SSV-20221127T133018-003562-000DEA_C-130_0012.png,0.6059472560882568,0.7758774530884797,0.10344827586206896,58,1.0,6,1024
12,0,49,6,1024,/ssd_data/lixiang_data/Datasets/data_sar_plane_coarsness/images/BC2-SP-ORG-2SSV-20221127T133018-003562-000DEA_C-130_0013.png,0.4426642656326294,0.8244960342870179,0.10909090909090909,55,1.0,6,1024
9,0,59,6,1024,/ssd_data/lixiang_data/Datasets/data_sar_plane_coarsness/images/BC2-SP-ORG-2SSV-20221127T133018-003562-000DEA_C-130_0014.png,0.397337406873703,0.7682692243445987,0.09230769230769231,65,1.0,6,1024
3,0,79,4,1024,/ssd_data/lixiang_data/Datasets/data_sar_plane_coarsness/images/BC2-SP-ORG-2SSV-20221127T133018-003562-000DEA_C-17_0006.png,0.11864383518695831,0.7638572610757758,0.04819277108433735,83,1.0,4,1024
3,1,43,4,1024,/ssd_data/lixiang_data/Datasets/data_sar_plane_coarsness/images/BC2-SP-ORG-2SSV-20221127T133018-003562-000DEA_C-5_0005.png,0.14774565398693085,0.5641375477440436,0.06521739130434782,46,0.75,3,1024
4,0,113,2,1024,/ssd_data/lixiang_data/Datasets/data_sar_plane_coarsness/images/BC2-SP-ORG-2SSV-20221127T133018-003562-000DEA_E-3_0003.png,0.5792797803878784,0.7701661840201908,0.017391304347826087,115,1.0,2,1024
3,0,93,2,1024,/ssd_data/lixiang_data/Datasets/data_sar_plane_coarsness/images/BC2-SP-ORG-2SSV-20221127T133018-003562-000DEA_E-3_0004.png,0.593402087688446,0.7242353922703305,0.021052631578947368,95,1.0,2,1024
2,0,51,2,1024,/ssd_data/lixiang_data/Datasets/data_sar_plane_coarsness/images/BC2-SP-ORG-2SSV-20221127T133018-003562-000DEA_P-3_0001.png,0.7067333459854126,0.6274841973221148,0.03773584905660377,53,1.0,2,1024
2,0,49,2,1024,/ssd_data/lixiang_data/Datasets/data_sar_plane_coarsness/images/BC2-SP-ORG-2SSV-20221127T133018-003562-000DEA_P-3_0002.png,0.71647709608078,0.6381789789348755,0.0392156862745098,51,1.0,2,1024
3,0,19,4,1024,/ssd_data/lixiang_data/Datasets/data_sar_plane_coarsness/images/BC2-SP-ORG-2SVV-20220518T123812-000827-000001-00033B_C-130_0002.png,0.7785460352897644,0.5820081318701412,0.17391304347826086,23,1.0,4,1024
1,0,14,5,1024,/ssd_data/lixiang_data/Datasets/data_sar_plane_coarsness/images/BC2-SP-ORG-2SVV-20220518T123812-000827-000001-00033B_C-130_0003.png,0.7714282274246216,0.590524212488291,0.2631578947368421,19,1.0,5,1024
0,0,21,5,1024,/ssd_data/lixiang_data/Datasets/data_sar_plane_coarsness/images/BC2-SP-ORG-2SVV-20220518T123812-000827-000001-00033B_C-130_0004.png,0.7962326407432556,0.6033628956357014,0.19230769230769232,26,1.0,5,1024
0,0,13,5,1024,/ssd_data/lixiang_data/Datasets/data_sar_plane_coarsness/images/BC2-SP-ORG-2SVV-20220518T123812-000827-000001-00033B_C-130_0005.png,0.813713014125824,0.5858255807487623,0.2777777777777778,18,1.0,5,1024
0,1,21,5,1023,/ssd_data/lixiang_data/Datasets/data_sar_plane_coarsness/images/BC2-SP-ORG-2SVV-20220518T123812-000827-000001-00033B_C-130_0006.png,0.5780203342437744,0.4866507195199198,0.16,25,0.8,4,1024
1,2,16,3,1024,/ssd_data/lixiang_data/Datasets/data_sar_plane_coarsness/images/BC2-SP-ORG-2SVV-20220518T123812-000827-000001-00033B_C-130_0007.png,0.6331440806388855,0.2045101777274746,0.058823529411764705,17,0.3333333333333333,1,1024
0,2,8,2,1024,/ssd_data/lixiang_data/Datasets/data_sar_plane_coarsness/images/BC2-SP-ORG-2SVV-20220518T123812-000827-000001-00033B_C-130_0008.png,0.6923736929893494,0.0,0.0,8,0.0,0,1024
1,1,24,3,1024,/ssd_data/lixiang_data/Datasets/data_sar_plane_coarsness/images/BC2-SP-ORG-2SVV-20220518T123812-000827-000001-00033B_C-130_0009.png,0.3572867214679718,0.5996176410617463,0.07692307692307693,26,0.6666666666666666,2,1024
0,0,12,3,1024,/ssd_data/lixiang_data/Datasets/data_sar_plane_coarsness/images/BC2-SP-ORG-2SVV-20220518T123812-000827-000001-00033B_C-130_0010.png,0.2093466818332672,0.538920336463529,0.2,15,1.0,3,1024
3,0,18,3,1024,/ssd_data/lixiang_data/Datasets/data_sar_plane_coarsness/images/BC2-SP-ORG-2SVV-20220518T123812-000827-000001-00033B_C-130_0011.png,0.44862180948257446,0.5845278132253027,0.14285714285714285,21,1.0,3,1024
0,1,10,1,1024,/ssd_data/lixiang_data/Datasets/data_sar_plane_coarsness/images/BC2-SP-ORG-2SVV-20220518T123812-000827-000001-00033B_C-17_0001.png,0.12192599475383759,0.23304285613798703,0.0,10,0.0,0,1024
3,4,187,5,1024,/ssd_data/lixiang_data/Datasets/data_sar_plane_coarsness/images/BC2-SP-ORG-2SVV-20220729T133508-001682-000001-000692_C-130_0007.png,0.4328318238258362,0.39927241882334685,0.005319148936170213,188,0.2,1,1024
10,1,172,6,1024,/ssd_data/lixiang_data/Datasets/data_sar_plane_coarsness/images/BC2-SP-ORG-2SVV-20220729T133508-001682-000001-000692_C-130_0008.png,0.5989258289337158,0.6175043257817602,0.02824858757062147,177,0.8333333333333334,5,1024
1,1,93,6,1024,/ssd_data/lixiang_data/Datasets/data_sar_plane_coarsness/images/BC2-SP-ORG-2SVV-20220729T133508-001682-000001-000692_C-130_0009.png,0.3405954837799072,0.5724920240714586,0.05102040816326531,98,0.8333333333333334,5,1024
2,2,89,4,1024,/ssd_data/lixiang_data/Datasets/data_sar_plane_coarsness/images/BC2-SP-ORG-2SVV-20220729T133508-001682-000001-000692_C-130_0010.png,0.5210065841674805,0.5047891434655388,0.02197802197802198,91,0.5,2,1024
11,0,36,4,1024,/ssd_data/lixiang_data/Datasets/data_sar_plane_coarsness/images/BC2-SP-ORG-2SVV-20220729T133508-001682-000001-000692_C-17_0005.png,0.5600751042366028,0.8339123955121621,0.1,40,1.0,4,1024
7,0,33,4,1024,/ssd_data/lixiang_data/Datasets/data_sar_plane_coarsness/images/BC2-SP-ORG-2SVV-20220729T133508-001682-000001-000692_C-17_0006.png,0.6259793639183044,0.8307085442235618,0.10810810810810811,37,1.0,4,1024
8,0,35,4,1024,/ssd_data/lixiang_data/Datasets/data_sar_plane_coarsness/images/BC2-SP-ORG-2SVV-20220729T133508-001682-000001-000692_C-5_0003.png,0.6386063098907471,0.8092927207208527,0.10256410256410256,39,1.0,4,1024
7,0,31,4,1024,/ssd_data/lixiang_data/Datasets/data_sar_plane_coarsness/images/BC2-SP-ORG-2SVV-20220729T133508-001682-000001-000692_C-5_0004.png,0.6741219162940979,0.8116972854430008,0.11428571428571428,35,1.0,4,1024
4,3,186,5,1024,/ssd_data/lixiang_data/Datasets/data_sar_plane_coarsness/images/BC2-SP-ORG-2SVV-20220729T133508-001682-000001-000692_E-3_0001.png,0.5221925973892212,0.4024760323821983,0.010638297872340425,188,0.4,2,1024
4,3,193,6,1024,/ssd_data/lixiang_data/Datasets/data_sar_plane_coarsness/images/BC2-SP-ORG-2SVV-20220729T133508-001682-000001-000692_E-3_0002.png,0.5455722808837891,0.4881302497556015,0.015306122448979591,196,0.5,3,1024
5,0,42,4,1024,/ssd_data/lixiang_data/Datasets/data_sar_plane_coarsness/images/BC2-SP-ORG-2SVV-20221225T015903-004150-000000-001036_C-130_0005.png,0.5934389233589172,0.828525868009977,0.08695652173913043,46,1.0,4,1024
8,0,62,5,1024,/ssd_data/lixiang_data/Datasets/data_sar_plane_coarsness/images/BC2-SP-ORG-2SVV-20221225T015903-004150-000000-001036_C-130_0006.png,0.7035665512084961,0.7803191624889003,0.07462686567164178,67,1.0,5,1024
6,0,50,5,1024,/ssd_data/lixiang_data/Datasets/data_sar_plane_coarsness/images/BC2-SP-ORG-2SVV-20221225T015903-004150-000000-001036_C-130_0007.png,0.535400927066803,0.7876412197909526,0.09090909090909091,55,1.0,5,1024
6,0,62,5,1024,/ssd_data/lixiang_data/Datasets/data_sar_plane_coarsness/images/BC2-SP-ORG-2SVV-20221225T015903-004150-000000-001036_C-130_0008.png,0.5573297739028931,0.8591412823584686,0.07462686567164178,67,1.0,5,1024
4,0,60,4,1024,/ssd_data/lixiang_data/Datasets/data_sar_plane_coarsness/images/BC2-SP-ORG-2SVV-20221225T015903-004150-000000-001036_C-130_0009.png,0.6299384236335754,0.8309220473992808,0.0625,64,1.0,4,1024
2,0,125,3,1024,/ssd_data/lixiang_data/Datasets/data_sar_plane_coarsness/images/BC2-SP-ORG-2SVV-20221225T015903-004150-000000-001036_E-3_0002.png,0.6322845816612244,0.651428800621156,0.0234375,128,1.0,3,1024
4,0,149,3,1024,/ssd_data/lixiang_data/Datasets/data_sar_plane_coarsness/images/BC2-SP-ORG-2SVV-20221225T015903-004150-000000-001036_E-3_0003.png,0.547422468662262,0.7428340510941133,0.019736842105263157,152,1.0,3,1024
5,0,94,3,1024,/ssd_data/lixiang_data/Datasets/data_sar_plane_coarsness/images/BC2-SP-ORG-2SVV-20221225T015903-004150-000000-001036_E-3_0004.png,0.6146253347396851,0.7045931019866855,0.030927835051546393,97,1.0,3,1024
3,0,63,1,1024,/ssd_data/lixiang_data/Datasets/data_sar_plane_coarsness/images/BC2-SP-ORG-2SVV-20221225T015903-004150-000000-001036_P-3_0001.png,0.666528582572937,0.8285352667930335,0.015625,64,1.0,1,1024
0,1,19,1,1024,/ssd_data/lixiang_data/Datasets/data_sar_plane_coarsness/images/BC2-SP-ORG-2SVV-20230209T011643-004807-000001-0012C7_C-130_0003.png,0.7001060843467712,0.3007346896770849,0.0,19,0.0,0,1024
0,1,3,1,1024,/ssd_data/lixiang_data/Datasets/data_sar_plane_coarsness/images/BC2-SP-ORG-2SVV-20230209T011643-004807-000001-0012C7_C-130_0004.png,0.2385633885860443,0.0,0.0,3,0.0,0,1024
2,0,13,1,1024,/ssd_data/lixiang_data/Datasets/data_sar_plane_coarsness/images/BC2-SP-ORG-2SVV-20230209T011643-004807-000001-0012C7_C-130_0005.png,0.3943318724632263,0.8427511139573246,0.07142857142857142,14,1.0,1,1024
1,1,4,2,1024,/ssd_data/lixiang_data/Datasets/data_sar_plane_coarsness/images/BC2-SP-ORG-2SVV-20230209T011643-004807-000001-0012C7_C-17_0001.png,0.8026394248008728,0.6500576696590724,0.2,5,0.5,1,1024
0,1,4,2,1024,/ssd_data/lixiang_data/Datasets/data_sar_plane_coarsness/images/BC2-SP-ORG-2SVV-20230209T011643-004807-000001-0012C7_C-17_0002.png,0.6684750914573669,0.3988702399084367,0.2,5,0.5,1,1024
2,0,38,5,1024,/ssd_data/lixiang_data/Datasets/data_sar_plane_coarsness/images/BC2-SP-ORG-2SVV-20231108T045011-010436-000164-0028C4_B-52_0001.png,0.7750167846679688,0.7439040544542572,0.11627906976744186,43,1.0,5,1024
5,2,58,7,1024,/ssd_data/lixiang_data/Datasets/data_sar_plane_coarsness/images/BC2-SP-ORG-2SVV-20231108T045011-010436-000164-0028C4_B-52_0002.png,0.7377407550811768,0.6225393241161862,0.07936507936507936,63,0.7142857142857143,5,1024
5,2,46,8,1024,/ssd_data/lixiang_data/Datasets/data_sar_plane_coarsness/images/BC2-SP-ORG-2SVV-20231108T045011-010436-000164-0028C4_B-52_0003.png,0.7793465256690979,0.6954724883570006,0.11538461538461539,52,0.75,6,1024
7,2,73,8,1024,/ssd_data/lixiang_data/Datasets/data_sar_plane_coarsness/images/BC2-SP-ORG-2SVV-20231108T045011-010436-000164-0028C4_B-52_0004.png,0.7142645120620728,0.6943678020145108,0.0759493670886076,79,0.75,6,1024
5,1,53,8,1024,/ssd_data/lixiang_data/Datasets/data_sar_plane_coarsness/images/BC2-SP-ORG-2SVV-20231108T045011-010436-000164-0028C4_B-52_0005.png,0.7076473832130432,0.7663169429178658,0.11666666666666667,60,0.875,7,1024
9,3,59,8,1024,/ssd_data/lixiang_data/Datasets/data_sar_plane_coarsness/images/BC2-SP-ORG-2SVV-20231108T045011-010436-000164-0028C4_B-52_0006.png,0.7398024797439575,0.7454585346306822,0.078125,64,0.625,5,1024
5,0,70,7,1024,/ssd_data/lixiang_data/Datasets/data_sar_plane_coarsness/images/BC2-SP-ORG-2SVV-20231108T045011-010436-000164-0028C4_B-52_0007.png,0.7812857627868652,0.8306901531571841,0.09090909090909091,77,1.0,7,1024
5,1,38,6,1024,/ssd_data/lixiang_data/Datasets/data_sar_plane_coarsness/images/BC2-SP-ORG-2SVV-20231108T045011-010436-000164-0028C4_B-52_0008.png,0.731163740158081,0.7486118030514542,0.11627906976744186,43,0.8333333333333334,5,1024
3,0,32,5,1024,/ssd_data/lixiang_data/Datasets/data_sar_plane_coarsness/images/BC2-SP-ORG-2SVV-20231108T045011-010436-000164-0028C4_B-52_0009.png,0.7882130742073059,0.7698942542336418,0.13513513513513514,37,1.0,5,1024
4,1,63,8,1024,/ssd_data/lixiang_data/Datasets/data_sar_plane_coarsness/images/BC2-SP-ORG-2SVV-20231108T045011-010436-000164-0028C4_B-52_0010.png,0.7657154202461243,0.7200687712174605,0.1,70,0.875,7,1024
7,2,42,9,1024,/ssd_data/lixiang_data/Datasets/data_sar_plane_coarsness/images/BC2-SP-ORG-2SVV-20231108T045011-010436-000164-0028C4_B-52_0011.png,0.7823119163513184,0.789530978717927,0.14285714285714285,49,0.7777777777777778,7,1024
4,1,63,8,1024,/ssd_data/lixiang_data/Datasets/data_sar_plane_coarsness/images/BC2-SP-ORG-2SVV-20231108T045011-010436-000164-0028C4_B-52_0012.png,0.7657154202461243,0.7200687712174605,0.1,70,0.875,7,1024
2,2,29,5,1024,/ssd_data/lixiang_data/Datasets/data_sar_plane_coarsness/images/BC2-SP-ORG-2SVV-20231108T045011-010436-000164-0028C4_B-52_0013.png,0.6916513442993164,0.7220685833387308,0.09375,32,0.6,3,1024
4,1,40,8,1024,/ssd_data/lixiang_data/Datasets/data_sar_plane_coarsness/images/BC2-SP-ORG-2SVV-20231108T045011-010436-000164-0028C4_B-52_0014.png,0.78282231092453,0.7826092262282323,0.14893617021276595,47,0.875,7,1024
0,3,17,4,1024,/ssd_data/lixiang_data/Datasets/data_sar_plane_coarsness/images/BC2-SP-ORG-2SVV-20231108T045011-010436-000164-0028C4_B-52_0015.png,0.7370741367340088,0.4581380116931946,0.05555555555555555,18,0.25,1,1024
0,1,44,2,1024,/ssd_data/lixiang_data/Datasets/data_sar_plane_coarsness/images/BC2-SP-ORG-2SVV-20231108T045011-010436-000164-0028C4_B-52_0016.png,0.4202521741390228,0.48493689859560185,0.022222222222222223,45,0.5,1,1024
0,0,28,1,1024,/ssd_data/lixiang_data/Datasets/data_sar_plane_coarsness/images/BC2-SP-ORG-2SVV-20231108T045011-010436-000164-0028C4_B-52_0017.png,0.2583247125148773,0.5774516930144137,0.034482758620689655,29,1.0,1,1024
6,3,34,9,1024,/ssd_data/lixiang_data/Datasets/data_sar_plane_coarsness/images/BC2-SP-ORG-2SVV-20231108T045011-010436-000164-0028C4_B-52_0018.png,0.7376609444618225,0.746458454469977,0.15,40,0.6666666666666666,6,1024
2,0,67,4,1024,/ssd_data/lixiang_data/Datasets/data_sar_plane_coarsness/images/BC2-SP-ORG-2SVV-20231209T181848-008888-000000-0022B8_B-1_0007.png,0.6407827138900757,0.7436933789807414,0.056338028169014086,71,1.0,4,1024
1,2,51,5,1024,/ssd_data/lixiang_data/Datasets/data_sar_plane_coarsness/images/BC2-SP-ORG-2SVV-20231209T181848-008888-000000-0022B8_B-1_0008.png,0.669661283493042,0.4501853674015129,0.05555555555555555,54,0.6,3,1024
2,0,14,2,1024,/ssd_data/lixiang_data/Datasets/data_sar_plane_coarsness/images/BC2-SP-ORG-2SVV-20231209T181848-008888-000000-0022B8_B-1_0009.png,0.6733372807502747,0.7571349573886965,0.125,16,1.0,2,1024
1,3,47,4,1024,/ssd_data/lixiang_data/Datasets/data_sar_plane_coarsness/images/BC2-SP-ORG-2SVV-20231209T181848-008888-000000-0022B8_B-1_0010.png,0.6946656107902527,0.30199140016638254,0.020833333333333332,48,0.25,1,1024
1,0,44,3,1024,/ssd_data/lixiang_data/Datasets/data_sar_plane_coarsness/images/BC2-SP-ORG-2SVV-20231209T181848-008888-000000-0022B8_B-52_0004.png,0.6217089295387268,0.6323722125900803,0.06382978723404255,47,1.0,3,1024
0,0,21,2,1024,/ssd_data/lixiang_data/Datasets/data_sar_plane_coarsness/images/BC2-SP-ORG-2SVV-20231209T181848-008888-000000-0022B8_B-52_0005.png,0.6930585503578186,0.7136422368303763,0.08695652173913043,23,1.0,2,1024
0,2,23,3,1024,/ssd_data/lixiang_data/Datasets/data_sar_plane_coarsness/images/BC2-SP-ORG-2SVV-20231209T181848-008888-000000-0022B8_B-52_0006.png,0.4216921925544739,0.17249630947507474,0.041666666666666664,24,0.3333333333333333,1,1024
1,1,112,3,1024,/ssd_data/lixiang_data/Datasets/data_sar_plane_coarsness/images/BC2-SP-ORG-2SVV-20231209T181848-008888-000000-0022B8_F-16_0001.png,0.33272355794906616,0.5113776965386018,0.017543859649122806,114,0.6666666666666666,2,1024
2,1,82,3,1024,/ssd_data/lixiang_data/Datasets/data_sar_plane_coarsness/images/BC2-SP-ORG-2SVV-20231209T181848-008888-000000-0022B8_F-16_0002.png,0.19225195050239563,0.4918248931046499,0.023809523809523808,84,0.6666666666666666,2,1024
2,0,82,3,1024,/ssd_data/lixiang_data/Datasets/data_sar_plane_coarsness/images/BC2-SP-ORG-2SVV-20231209T181848-008888-000000-0022B8_F-16_0003.png,0.25982216000556946,0.6455459883176538,0.03529411764705882,85,1.0,3,1024
0,0,67,3,1024,/ssd_data/lixiang_data/Datasets/data_sar_plane_coarsness/images/BC2-SP-ORG-2SVV-20231223T184439-009063-000000-002367_B-1_0005.png,0.6332468390464783,0.6709674355735347,0.04285714285714286,70,1.0,3,1024
0,0,70,2,1024,/ssd_data/lixiang_data/Datasets/data_sar_plane_coarsness/images/BC2-SP-ORG-2SVV-20231223T184439-009063-000000-002367_B-52_0002.png,0.7888466119766235,0.7792629010175456,0.027777777777777776,72,1.0,2,1024
2,0,102,3,1024,/ssd_data/lixiang_data/Datasets/data_sar_plane_coarsness/images/BC2-SP-ORG-2SVV-20231223T184439-009063-000000-002367_B-52_0003.png,0.7911439538002014,0.7556799422203007,0.02857142857142857,105,1.0,3,1024
0,0,52,2,1024,/ssd_data/lixiang_data/Datasets/data_sar_plane_coarsness/images/BC2-SP-ORG-2SVV-20231223T184439-009063-000000-002367_B-52_0004.png,0.664926290512085,0.70657462556513,0.037037037037037035,54,1.0,2,1024
1,0,36,1,1024,/ssd_data/lixiang_data/Datasets/data_sar_plane_coarsness/images/BC2-SP-ORG-2SVV-20231223T184439-009063-000000-002367_C-130_0001.png,0.6190552115440369,0.7299906347516837,0.02702702702702703,37,1.0,1,1024
